"shop","location","business_date","work_order","invoice","outcome","action","service_packages","lines","new_customer_reference","new_vehicle","note"
"227","701","2026-09-01","701008320","701006621","unchanged","","","","","","Excluded from recovery; already correct"
"227","701","2026-09-01","701008329","701006622","applied","insert","3","3","true","false",""
"227","701","2026-09-01","701008322","701006623","applied","refresh","6","9","false","false","Obsolete brake evaluation and one line archived with history preserved; deferred sway-bar package retained"
"227","701","2026-09-01","701008318","701006624","applied","refresh","4","2","false","false",""
"227","701","2026-09-01","701008313","701006625","applied","refresh","5","4","false","false",""
"227","701","2026-09-01","701008330","701006626","applied","insert","5","4","true","true",""
"227","701","2026-09-01","701008336","701006627","applied","insert","2","2","true","true",""
"227","701","2026-09-01","701008319","701006628","applied","refresh","4","4","false","false",""
"227","701","2026-09-01","701008296","701006629","applied","refresh","3","3","false","false",""
"227","701","2026-09-01","701008265","701006630","applied","refresh","3","3","false","false",""
"227","701","2026-09-01","701008325","701006631","applied","refresh","9","17","false","false",""
"227","701","2026-09-01","701008334","701006632","applied","insert","3","1","true","true",""
"227","701","2026-09-01","701008327","701006633","applied","refresh","6","8","false","false","Obsolete DVI archived with history preserved; source DVI retained"
"227","701","2026-09-01","701008328","701006634","applied","refresh","4","6","false","false",""
"227","701","2026-09-01","701008306","701006635","applied","refresh","4","3","false","true","Source-VIN 2008 vehicle reference created; old 2012 vehicle unchanged"
"227","701","2026-09-01","701008338","701006636","applied","insert","3","2","true","false",""
"227","701","2026-09-01","701008335","701006637","applied","insert","5","4","true","true",""
"227","701","2026-09-01","701008323","701006638","applied","refresh","4","4","false","false",""
"227","701","2026-09-01","701008337","701006639","applied","insert","3","1","true","true",""
"227","701","2026-09-01","701008340","701006640","applied","insert","3","1","true","false","Unknown VIN and no verified vehicle link; unrelated vehicle unchanged"
"227","701","2026-09-01","701008298","701006641","applied","refresh","5","7","false","false",""
"227","701","2026-09-01","701008342","701006642","applied","insert","7","12","true","true","Deferred packages included"
