location,native_work_order,native_invoice,native_date,classification,package_rows,native_billed_hours,native_labor_total,next_action,provider_verified,writes_authorized
701,701008265,701006630,09/01/2026,nonterminal,3,0.4,0.0000,Read final invoice through approved adapter; validate before proposing writes,NO,NO
701,701008296,701006629,09/01/2026,nonterminal,3,0.4,24.7000,Read final invoice through approved adapter; validate before proposing writes,NO,NO
701,701008298,701006641,09/01/2026,nonterminal,5,3.1,464.9900,Read final invoice through approved adapter; validate before proposing writes,NO,NO
701,701008306,701006635,09/01/2026,nonterminal,4,0.49,0.0000,Read final invoice through approved adapter; validate before proposing writes,NO,NO
701,701008313,701006625,09/01/2026,nonterminal,5,0.6,0.0000,Read final invoice through approved adapter; validate before proposing writes,NO,NO
701,701008318,701006624,09/01/2026,nonterminal,4,2.8,369.9900,Read final invoice through approved adapter; validate before proposing writes,NO,NO
701,701008319,701006628,09/01/2026,nonterminal,4,0.7,0.0000,Read final invoice through approved adapter; validate before proposing writes,NO,NO
701,701008322,701006623,09/01/2026,nonterminal,5,2.7,359.8100,Read final invoice through approved adapter; validate before proposing writes,NO,NO
701,701008323,701006638,09/01/2026,nonterminal,4,0.4,-10.0000,Read final invoice through approved adapter; validate before proposing writes,NO,NO
701,701008325,701006631,09/01/2026,nonterminal,9,3.80,382.7600,Read final invoice through approved adapter; validate before proposing writes,NO,NO
701,701008327,701006633,09/01/2026,nonterminal,6,1.8,144.9800,Read final invoice through approved adapter; validate before proposing writes,NO,NO
701,701008328,701006634,09/01/2026,nonterminal,4,1.5,74.9600,Read final invoice through approved adapter; validate before proposing writes,NO,NO
701,701008329,701006622,09/01/2026,absent_by_both_numbers,3,0.5,0.0000,Read final invoice through approved adapter; validate before proposing writes,NO,NO
701,701008330,701006626,09/01/2026,absent_by_both_numbers,5,1.8,319.7900,Read final invoice through approved adapter; validate before proposing writes,NO,NO
701,701008334,701006632,09/01/2026,absent_by_both_numbers,3,0.8,119.9900,Read final invoice through approved adapter; validate before proposing writes,NO,NO
701,701008335,701006637,09/01/2026,absent_by_both_numbers,5,1.8,319.7900,Read final invoice through approved adapter; validate before proposing writes,NO,NO
701,701008336,701006627,09/01/2026,absent_by_both_numbers,2,0.25,0.0000,Read final invoice through approved adapter; validate before proposing writes,NO,NO
701,701008337,701006639,09/01/2026,absent_by_both_numbers,3,0.4,31.0000,Read final invoice through approved adapter; validate before proposing writes,NO,NO
701,701008338,701006636,09/01/2026,absent_by_both_numbers,3,0.4,31.0000,Read final invoice through approved adapter; validate before proposing writes,NO,NO
701,701008340,701006640,09/01/2026,absent_by_both_numbers,3,1,125.0000,Read final invoice through approved adapter; validate before proposing writes,NO,NO
701,701008342,701006642,09/01/2026,absent_by_both_numbers,5,1.3,99.7000,Read final invoice through approved adapter; validate before proposing writes,NO,NO
701,701008206,701006666,09/02/2026,nonterminal,4,0.5,100.0000,Read final invoice through approved adapter; validate before proposing writes,NO,NO
701,701008310,701006656,09/02/2026,nonterminal,4,0.5,100.0000,Read final invoice through approved adapter; validate before proposing writes,NO,NO
701,701008332,701006655,09/02/2026,absent_by_both_numbers,5,1.3,119.9900,Read final invoice through approved adapter; validate before proposing writes,NO,NO
701,701008346,701006644,09/02/2026,absent_by_both_numbers,3,0.5,0.0000,Read final invoice through approved adapter; validate before proposing writes,NO,NO
701,701008347,701006652,09/02/2026,absent_by_both_numbers,2,0.8,94.9900,Read final invoice through approved adapter; validate before proposing writes,NO,NO
701,701008349,701006643,09/02/2026,absent_by_both_numbers,3,0.4,0.0000,Read final invoice through approved adapter; validate before proposing writes,NO,NO
701,701008350,701006645,09/02/2026,absent_by_both_numbers,4,1.5,122.0000,Read final invoice through approved adapter; validate before proposing writes,NO,NO
701,701008351,701006647,09/02/2026,absent_by_both_numbers,4,2.2,309.8100,Read final invoice through approved adapter; validate before proposing writes,NO,NO
701,701008352,701006650,09/02/2026,absent_by_both_numbers,4,0.6,34.7000,Read final invoice through approved adapter; validate before proposing writes,NO,NO
701,701008354,701006662,09/02/2026,absent_by_both_numbers,5,2.34,351.0000,Read final invoice through approved adapter; validate before proposing writes,NO,NO
701,701008356,701006659,09/02/2026,absent_by_both_numbers,6,1.8,159.9900,Read final invoice through approved adapter; validate before proposing writes,NO,NO
701,701008357,701006653,09/02/2026,absent_by_both_numbers,3,0.8,119.9900,Read final invoice through approved adapter; validate before proposing writes,NO,NO
701,701008359,701006649,09/02/2026,absent_by_both_numbers,4,0.54,30.0000,Read final invoice through approved adapter; validate before proposing writes,NO,NO
701,701008361,701006646,09/02/2026,absent_by_both_numbers,2,0,0.0000,Read final invoice through approved adapter; validate before proposing writes,NO,NO
701,701008362,701006651,09/02/2026,absent_by_both_numbers,3,0.5,75.0000,Read final invoice through approved adapter; validate before proposing writes,NO,NO
701,701008364,701006664,09/02/2026,absent_by_both_numbers,4,3.1,435.5000,Read final invoice through approved adapter; validate before proposing writes,NO,NO
701,701008366,701006648,09/02/2026,absent_by_both_numbers,3,0.5,-13.5000,Read final invoice through approved adapter; validate before proposing writes,NO,NO
701,701008367,701006661,09/02/2026,absent_by_both_numbers,3,0.5,0.0000,Read final invoice through approved adapter; validate before proposing writes,NO,NO
701,701008369,701006657,09/02/2026,absent_by_both_numbers,2,1.8,279.7900,Read final invoice through approved adapter; validate before proposing writes,NO,NO
701,701008370,701006654,09/02/2026,absent_by_both_numbers,3,0.8,119.9900,Read final invoice through approved adapter; validate before proposing writes,NO,NO
701,701008371,701006667,09/02/2026,absent_by_both_numbers,2,0,0.0000,Read final invoice through approved adapter; validate before proposing writes,NO,NO
701,701008372,701006658,09/02/2026,absent_by_both_numbers,6,1.8,159.9900,Read final invoice through approved adapter; validate before proposing writes,NO,NO
701,701008374,701006660,09/02/2026,absent_by_both_numbers,4,1.8,159.9900,Read final invoice through approved adapter; validate before proposing writes,NO,NO
701,701008375,701006665,09/02/2026,absent_by_both_numbers,3,0.8,119.9900,Read final invoice through approved adapter; validate before proposing writes,NO,NO
701,701008380,701006663,09/02/2026,absent_by_both_numbers,4,0,20.0000,Read final invoice through approved adapter; validate before proposing writes,NO,NO
701,701008373,701006678,09/03/2026,absent_by_both_numbers,3,0.8,119.9900,Read final invoice through approved adapter; validate before proposing writes,NO,NO
701,701008377,701006674,09/03/2026,absent_by_both_numbers,2,0,0.0000,Read final invoice through approved adapter; validate before proposing writes,NO,NO
701,701008381,701006681,09/03/2026,absent_by_both_numbers,9,6.1,833.5000,Read final invoice through approved adapter; validate before proposing writes,NO,NO
701,701008382,701006672,09/03/2026,absent_by_both_numbers,3,0.5,0.0000,Read final invoice through approved adapter; validate before proposing writes,NO,NO
701,701008383,701006669,09/03/2026,absent_by_both_numbers,4,1.3,149.9000,Read final invoice through approved adapter; validate before proposing writes,NO,NO
701,701008385,701006670,09/03/2026,absent_by_both_numbers,3,0.1,15.0000,Read final invoice through approved adapter; validate before proposing writes,NO,NO
701,701008387,701006671,09/03/2026,absent_by_both_numbers,3,0.8,119.9900,Read final invoice through approved adapter; validate before proposing writes,NO,NO
701,701008388,701006668,09/03/2026,absent_by_both_numbers,1,0,0.0000,Read final invoice through approved adapter; validate before proposing writes,NO,NO
701,701008390,701006673,09/03/2026,absent_by_both_numbers,3,0.8,119.9900,Read final invoice through approved adapter; validate before proposing writes,NO,NO
701,701008393,701006686,09/03/2026,absent_by_both_numbers,5,2.7,334.8100,Read final invoice through approved adapter; validate before proposing writes,NO,NO
701,701008394,701006675,09/03/2026,absent_by_both_numbers,3,1,125.0000,Read final invoice through approved adapter; validate before proposing writes,NO,NO
701,701008395,701006683,09/03/2026,absent_by_both_numbers,3,0.8,119.9900,Read final invoice through approved adapter; validate before proposing writes,NO,NO
701,701008396,701006679,09/03/2026,absent_by_both_numbers,4,0.5,-13.5000,Read final invoice through approved adapter; validate before proposing writes,NO,NO
701,701008398,701006677,09/03/2026,absent_by_both_numbers,6,3.8,309.9900,Read final invoice through approved adapter; validate before proposing writes,NO,NO
701,701008400,701006676,09/03/2026,absent_by_both_numbers,3,0.5,75.0000,Read final invoice through approved adapter; validate before proposing writes,NO,NO
701,701008402,701006684,09/03/2026,absent_by_both_numbers,3,0.4,0.0000,Read final invoice through approved adapter; validate before proposing writes,NO,NO
701,701008403,701006685,09/03/2026,absent_by_both_numbers,3,0.4,0.0000,Read final invoice through approved adapter; validate before proposing writes,NO,NO
701,701008405,701006680,09/03/2026,absent_by_both_numbers,3,0.5,0.0000,Read final invoice through approved adapter; validate before proposing writes,NO,NO
701,701008406,701006682,09/03/2026,absent_by_both_numbers,3,0.8,119.9900,Read final invoice through approved adapter; validate before proposing writes,NO,NO
701,701008376,701006694,09/04/2026,absent_by_both_numbers,2,0,0.0000,Read final invoice through approved adapter; validate before proposing writes,NO,NO
701,701008392,701006707,09/04/2026,absent_by_both_numbers,5,2.8,419.9900,Read final invoice through approved adapter; validate before proposing writes,NO,NO
701,701008401,701006689,09/04/2026,absent_by_both_numbers,6,1.8,159.7900,Read final invoice through approved adapter; validate before proposing writes,NO,NO
701,701008407,701006693,09/04/2026,absent_by_both_numbers,5,0.7,-13.5000,Read final invoice through approved adapter; validate before proposing writes,NO,NO
701,701008409,701006688,09/04/2026,absent_by_both_numbers,4,0.5,95.9000,Read final invoice through approved adapter; validate before proposing writes,NO,NO
701,701008410,701006687,09/04/2026,absent_by_both_numbers,4,0.4,24.7000,Read final invoice through approved adapter; validate before proposing writes,NO,NO
701,701008411,701006695,09/04/2026,absent_by_both_numbers,6,0.85,47.9500,Read final invoice through approved adapter; validate before proposing writes,NO,NO
701,701008413,701006691,09/04/2026,absent_by_both_numbers,4,1.0,149.9900,Read final invoice through approved adapter; validate before proposing writes,NO,NO
701,701008415,701006704,09/04/2026,absent_by_both_numbers,2,0.8,37.0400,Read final invoice through approved adapter; validate before proposing writes,NO,NO
701,701008416,701006690,09/04/2026,absent_by_both_numbers,4,0.5,0.0000,Read final invoice through approved adapter; validate before proposing writes,NO,NO
701,701008418,701006692,09/04/2026,absent_by_both_numbers,3,0.4,24.7000,Read final invoice through approved adapter; validate before proposing writes,NO,NO
701,701008420,701006699,09/04/2026,absent_by_both_numbers,5,0.6,0.0000,Read final invoice through approved adapter; validate before proposing writes,NO,NO
701,701008421,701006703,09/04/2026,absent_by_both_numbers,3,1,123.5000,Read final invoice through approved adapter; validate before proposing writes,NO,NO
701,701008422,701006697,09/04/2026,absent_by_both_numbers,5,1.7,119.9900,Read final invoice through approved adapter; validate before proposing writes,NO,NO
701,701008424,701006702,09/04/2026,absent_by_both_numbers,4,0.6,0.0000,Read final invoice through approved adapter; validate before proposing writes,NO,NO
701,701008425,701006696,09/04/2026,absent_by_both_numbers,5,0.7,-13.5000,Read final invoice through approved adapter; validate before proposing writes,NO,NO
701,701008426,701006698,09/04/2026,absent_by_both_numbers,3,0.5,0.0000,Read final invoice through approved adapter; validate before proposing writes,NO,NO
701,701008427,701006700,09/04/2026,absent_by_both_numbers,3,0.4,24.7000,Read final invoice through approved adapter; validate before proposing writes,NO,NO
701,701008429,701006701,09/04/2026,absent_by_both_numbers,3,0.5,0.0000,Read final invoice through approved adapter; validate before proposing writes,NO,NO
701,701008430,701006706,09/04/2026,absent_by_both_numbers,5,1.2,119.9900,Read final invoice through approved adapter; validate before proposing writes,NO,NO
701,701008432,701006705,09/04/2026,absent_by_both_numbers,3,0.5,0.0000,Read final invoice through approved adapter; validate before proposing writes,NO,NO
701,701008331,701006714,09/05/2026,absent_by_both_numbers,6,5.4,735.0000,Read final invoice through approved adapter; validate before proposing writes,NO,NO
701,701008423,701006708,09/05/2026,absent_by_both_numbers,2,0,0.0000,Read final invoice through approved adapter; validate before proposing writes,NO,NO
701,701008434,701006724,09/05/2026,invoice_number_only_match,3,1,150.0000,Resolve identity; no automatic repair,NO,NO
701,701008435,701006709,09/05/2026,absent_by_both_numbers,4,1.2,144.6900,Read final invoice through approved adapter; validate before proposing writes,NO,NO
701,701008438,701006710,09/05/2026,absent_by_both_numbers,3,0.8,119.9900,Read final invoice through approved adapter; validate before proposing writes,NO,NO
701,701008440,701006722,09/05/2026,absent_by_both_numbers,3,0.4,0.0000,Read final invoice through approved adapter; validate before proposing writes,NO,NO
701,701008442,701006716,09/05/2026,absent_by_both_numbers,4,0.7,0.0000,Read final invoice through approved adapter; validate before proposing writes,NO,NO
701,701008443,701006711,09/05/2026,absent_by_both_numbers,3,0.3,45.0000,Read final invoice through approved adapter; validate before proposing writes,NO,NO
701,701008444,701006715,09/05/2026,absent_by_both_numbers,3,0.4,0.0000,Read final invoice through approved adapter; validate before proposing writes,NO,NO
701,701008445,701006712,09/05/2026,absent_by_both_numbers,3,0.5,0.0000,Read final invoice through approved adapter; validate before proposing writes,NO,NO
701,701008446,701006718,09/05/2026,absent_by_both_numbers,3,0.4,24.7000,Read final invoice through approved adapter; validate before proposing writes,NO,NO
701,701008447,701006719,09/05/2026,absent_by_both_numbers,2,0,0.0000,Read final invoice through approved adapter; validate before proposing writes,NO,NO
701,701008448,701006713,09/05/2026,absent_by_both_numbers,3,0.8,119.9900,Read final invoice through approved adapter; validate before proposing writes,NO,NO
701,701008449,701006717,09/05/2026,absent_by_both_numbers,4,0.4,-15.0000,Read final invoice through approved adapter; validate before proposing writes,NO,NO
701,701008451,701006720,09/05/2026,absent_by_both_numbers,3,0.4,0.0000,Read final invoice through approved adapter; validate before proposing writes,NO,NO
701,701008452,701006726,09/05/2026,absent_by_both_numbers,5,0.65,74.7000,Read final invoice through approved adapter; validate before proposing writes,NO,NO
701,701008453,701006721,09/05/2026,absent_by_both_numbers,3,1,150.0000,Read final invoice through approved adapter; validate before proposing writes,NO,NO
701,701008455,701006723,09/05/2026,absent_by_both_numbers,2,0,0.0000,Read final invoice through approved adapter; validate before proposing writes,NO,NO
701,701008457,701006725,09/05/2026,absent_by_both_numbers,3,0.4,14.7000,Read final invoice through approved adapter; validate before proposing writes,NO,NO
701,701008231,701006743,09/08/2026,absent_by_both_numbers,5,0.8,-15.0000,Read final invoice through approved adapter; validate before proposing writes,NO,NO
701,701008397,701006746,09/08/2026,absent_by_both_numbers,4,3,449.9900,Read final invoice through approved adapter; validate before proposing writes,NO,NO
701,701008404,701006741,09/08/2026,absent_by_both_numbers,3,0.4,28.5000,Read final invoice through approved adapter; validate before proposing writes,NO,NO
701,701008439,701006751,09/08/2026,absent_by_both_numbers,3,0.8,119.9900,Read final invoice through approved adapter; validate before proposing writes,NO,NO
701,701008441,701006731,09/08/2026,absent_by_both_numbers,4,0.25,50.0000,Read final invoice through approved adapter; validate before proposing writes,NO,NO
701,701008460,701006728,09/08/2026,absent_by_both_numbers,5,0.6,9.7000,Read final invoice through approved adapter; validate before proposing writes,NO,NO
701,701008461,701006733,09/08/2026,absent_by_both_numbers,4,0.7,0.0000,Read final invoice through approved adapter; validate before proposing writes,NO,NO
701,701008465,701006738,09/08/2026,absent_by_both_numbers,4,0.5,24.7000,Read final invoice through approved adapter; validate before proposing writes,NO,NO
701,701008466,701006730,09/08/2026,absent_by_both_numbers,7,2.3,159.7900,Read final invoice through approved adapter; validate before proposing writes,NO,NO
701,701008467,701006739,09/08/2026,absent_by_both_numbers,4,0.7,0.0000,Read final invoice through approved adapter; validate before proposing writes,NO,NO
701,701008468,701006734,09/08/2026,absent_by_both_numbers,5,1.8,319.7900,Read final invoice through approved adapter; validate before proposing writes,NO,NO
701,701008470,701006732,09/08/2026,absent_by_both_numbers,4,0.7,0.0000,Read final invoice through approved adapter; validate before proposing writes,NO,NO
701,701008471,701006729,09/08/2026,absent_by_both_numbers,4,0.6,0.0000,Read final invoice through approved adapter; validate before proposing writes,NO,NO
701,701008473,701006740,09/08/2026,absent_by_both_numbers,6,4.8,434.9900,Read final invoice through approved adapter; validate before proposing writes,NO,NO
701,701008474,701006745,09/08/2026,absent_by_both_numbers,3,0.2,0.0000,Read final invoice through approved adapter; validate before proposing writes,NO,NO
701,701008475,701006750,09/08/2026,absent_by_both_numbers,4,0.7,0.0000,Read final invoice through approved adapter; validate before proposing writes,NO,NO
701,701008476,701006727,09/08/2026,absent_by_both_numbers,3,0.5,0.0000,Read final invoice through approved adapter; validate before proposing writes,NO,NO
701,701008477,701006744,09/08/2026,absent_by_both_numbers,3,0.5,75.0000,Read final invoice through approved adapter; validate before proposing writes,NO,NO
701,701008482,701006737,09/08/2026,absent_by_both_numbers,3,0.8,119.9900,Read final invoice through approved adapter; validate before proposing writes,NO,NO
701,701008486,701006742,09/08/2026,absent_by_both_numbers,3,0.8,119.9900,Read final invoice through approved adapter; validate before proposing writes,NO,NO
701,701008490,701006735,09/08/2026,absent_by_both_numbers,3,0,0.0000,Read final invoice through approved adapter; validate before proposing writes,NO,NO
701,701008491,701006736,09/08/2026,absent_by_both_numbers,4,1,199.8000,Read final invoice through approved adapter; validate before proposing writes,NO,NO
701,701008492,701006749,09/08/2026,absent_by_both_numbers,3,0.8,119.9900,Read final invoice through approved adapter; validate before proposing writes,NO,NO
701,701008496,701006748,09/08/2026,absent_by_both_numbers,5,0.8,24.7000,Read final invoice through approved adapter; validate before proposing writes,NO,NO
701,701008497,701006747,09/08/2026,absent_by_both_numbers,4,0.25,50.0000,Read final invoice through approved adapter; validate before proposing writes,NO,NO
701,701008469,701006768,09/09/2026,nonterminal,3,1,97.9700,Read final invoice through approved adapter; validate before proposing writes,NO,NO
701,701008479,701006760,09/09/2026,nonterminal,6,1.8,159.9900,Read final invoice through approved adapter; validate before proposing writes,NO,NO
701,701008483,701006755,09/09/2026,nonterminal,4,0.4,9.7000,Read final invoice through approved adapter; validate before proposing writes,NO,NO
701,701008484,701006770,09/09/2026,nonterminal,9,3.5,309.8100,Read final invoice through approved adapter; validate before proposing writes,NO,NO
701,701008494,701006764,09/09/2026,nonterminal,4,1.8,225.0000,Read final invoice through approved adapter; validate before proposing writes,NO,NO
701,701008502,701006752,09/09/2026,absent_by_both_numbers,3,0.2,20.0000,Read final invoice through approved adapter; validate before proposing writes,NO,NO
701,701008503,701006758,09/09/2026,nonterminal,4,0.7,0.0000,Read final invoice through approved adapter; validate before proposing writes,NO,NO
701,701008504,701006771,09/09/2026,nonterminal,4,3.3,494.9900,Read final invoice through approved adapter; validate before proposing writes,NO,NO
701,701008505,701006757,09/09/2026,nonterminal,3,0.8,59.9900,Read final invoice through approved adapter; validate before proposing writes,NO,NO
701,701008508,701006762,09/09/2026,nonterminal,10,3.5,389.8100,Read final invoice through approved adapter; validate before proposing writes,NO,NO
701,701008513,701006756,09/09/2026,absent_by_both_numbers,4,0.5,-4.7500,Read final invoice through approved adapter; validate before proposing writes,NO,NO
701,701008517,701006759,09/09/2026,absent_by_both_numbers,5,1.6,119.9900,Read final invoice through approved adapter; validate before proposing writes,NO,NO
701,701008520,701006763,09/09/2026,absent_by_both_numbers,6,1.8,149.9900,Read final invoice through approved adapter; validate before proposing writes,NO,NO
701,701008521,701006761,09/09/2026,absent_by_both_numbers,3,0.25,30.0000,Read final invoice through approved adapter; validate before proposing writes,NO,NO
701,701008524,701006772,09/09/2026,absent_by_both_numbers,6,3.8,309.9900,Read final invoice through approved adapter; validate before proposing writes,NO,NO
701,701008526,701006765,09/09/2026,absent_by_both_numbers,4,0.5,95.9000,Read final invoice through approved adapter; validate before proposing writes,NO,NO
701,701008527,701006767,09/09/2026,absent_by_both_numbers,3,0.4,0.0000,Read final invoice through approved adapter; validate before proposing writes,NO,NO
701,701008528,701006766,09/09/2026,absent_by_both_numbers,3,0.8,93.4800,Read final invoice through approved adapter; validate before proposing writes,NO,NO
701,701008530,701006773,09/09/2026,absent_by_both_numbers,5,1.7,53.7500,Read final invoice through approved adapter; validate before proposing writes,NO,NO
701,701008531,701006769,09/09/2026,absent_by_both_numbers,3,0.8,119.9900,Read final invoice through approved adapter; validate before proposing writes,NO,NO
701,701008314,701006796,09/10/2026,nonterminal,4,1,150.0000,Read final invoice through approved adapter; validate before proposing writes,NO,NO
701,701008454,701006788,09/10/2026,absent_by_both_numbers,5,2.9,394.8400,Read final invoice through approved adapter; validate before proposing writes,NO,NO
701,701008507,701006777,09/10/2026,absent_by_both_numbers,3,0.4,0.0000,Read final invoice through approved adapter; validate before proposing writes,NO,NO
701,701008515,701006783,09/10/2026,absent_by_both_numbers,5,4.0,484.8000,Read final invoice through approved adapter; validate before proposing writes,NO,NO
701,701008518,701006797,09/10/2026,absent_by_both_numbers,2,0,0.0000,Read final invoice through approved adapter; validate before proposing writes,NO,NO
701,701008519,701006789,09/10/2026,absent_by_both_numbers,4,3.1,407.6900,Read final invoice through approved adapter; validate before proposing writes,NO,NO
701,701008529,701006779,09/10/2026,absent_by_both_numbers,3,0.5,0.0000,Read final invoice through approved adapter; validate before proposing writes,NO,NO
701,701008534,701006774,09/10/2026,absent_by_both_numbers,3,0.4,0.0000,Read final invoice through approved adapter; validate before proposing writes,NO,NO
701,701008535,701006782,09/10/2026,absent_by_both_numbers,3,0.5,0.0000,Read final invoice through approved adapter; validate before proposing writes,NO,NO
701,701008536,701006775,09/10/2026,absent_by_both_numbers,3,0.5,0.0000,Read final invoice through approved adapter; validate before proposing writes,NO,NO
701,701008538,701006784,09/10/2026,absent_by_both_numbers,3,0.5,0.0000,Read final invoice through approved adapter; validate before proposing writes,NO,NO
701,701008540,701006776,09/10/2026,absent_by_both_numbers,3,0.8,119.9900,Read final invoice through approved adapter; validate before proposing writes,NO,NO
701,701008541,701006798,09/10/2026,absent_by_both_numbers,4,0.6,20.0000,Read final invoice through approved adapter; validate before proposing writes,NO,NO
701,701008542,701006781,09/10/2026,absent_by_both_numbers,3,0.8,119.9900,Read final invoice through approved adapter; validate before proposing writes,NO,NO
701,701008543,701006778,09/10/2026,absent_by_both_numbers,3,0.8,91.9900,Read final invoice through approved adapter; validate before proposing writes,NO,NO
701,701008544,701006780,09/10/2026,absent_by_both_numbers,4,1.0,139.9900,Read final invoice through approved adapter; validate before proposing writes,NO,NO
701,701008547,701006786,09/10/2026,absent_by_both_numbers,4,0.4,9.7000,Read final invoice through approved adapter; validate before proposing writes,NO,NO
701,701008548,701006801,09/10/2026,absent_by_both_numbers,5,1.9,182.5400,Read final invoice through approved adapter; validate before proposing writes,NO,NO
701,701008549,701006785,09/10/2026,absent_by_both_numbers,3,0.4,-10.0000,Read final invoice through approved adapter; validate before proposing writes,NO,NO
701,701008550,701006793,09/10/2026,absent_by_both_numbers,3,0.8,119.9900,Read final invoice through approved adapter; validate before proposing writes,NO,NO
701,701008553,701006792,09/10/2026,absent_by_both_numbers,4,0.7,0.0000,Read final invoice through approved adapter; validate before proposing writes,NO,NO
701,701008555,701006800,09/10/2026,absent_by_both_numbers,2,0.8,40.0000,Read final invoice through approved adapter; validate before proposing writes,NO,NO
701,701008557,701006794,09/10/2026,absent_by_both_numbers,3,0.5,0.0000,Read final invoice through approved adapter; validate before proposing writes,NO,NO
701,701008558,701006787,09/10/2026,absent_by_both_numbers,2,1,150.0000,Read final invoice through approved adapter; validate before proposing writes,NO,NO
701,701008559,701006791,09/10/2026,absent_by_both_numbers,5,0.6,0.0000,Read final invoice through approved adapter; validate before proposing writes,NO,NO
701,701008560,701006790,09/10/2026,absent_by_both_numbers,3,0.4,24.7000,Read final invoice through approved adapter; validate before proposing writes,NO,NO
701,701008562,701006795,09/10/2026,absent_by_both_numbers,3,0.5,0.0000,Read final invoice through approved adapter; validate before proposing writes,NO,NO
701,701008564,701006799,09/10/2026,absent_by_both_numbers,3,0,0.0000,Read final invoice through approved adapter; validate before proposing writes,NO,NO
701,701008339,701006825,09/11/2026,absent_by_both_numbers,3,3.75,0.0000,Read final invoice through approved adapter; validate before proposing writes,NO,NO
701,701008493,701006805,09/11/2026,absent_by_both_numbers,3,2.5,375.0000,Read final invoice through approved adapter; validate before proposing writes,NO,NO
701,701008509,701006807,09/11/2026,nonterminal,3,0.5,30.0000,Read final invoice through approved adapter; validate before proposing writes,NO,NO
701,701008511,701006821,09/11/2026,nonterminal,4,2.3,345.0000,Read final invoice through approved adapter; validate before proposing writes,NO,NO
701,701008556,701006819,09/11/2026,absent_by_both_numbers,3,0.5,0.0000,Read final invoice through approved adapter; validate before proposing writes,NO,NO
701,701008565,701006822,09/11/2026,absent_by_both_numbers,3,0.4,0.0000,Read final invoice through approved adapter; validate before proposing writes,NO,NO
701,701008566,701006802,09/11/2026,absent_by_both_numbers,1,0.25,30.0000,Read final invoice through approved adapter; validate before proposing writes,NO,NO
701,701008567,701006812,09/11/2026,absent_by_both_numbers,4,1.7,209.8100,Read final invoice through approved adapter; validate before proposing writes,NO,NO
701,701008570,701006809,09/11/2026,absent_by_both_numbers,5,3.8,539.9900,Read final invoice through approved adapter; validate before proposing writes,NO,NO
701,701008571,701006808,09/11/2026,absent_by_both_numbers,3,1,125.0000,Read final invoice through approved adapter; validate before proposing writes,NO,NO
701,701008572,701006803,09/11/2026,absent_by_both_numbers,3,0.2,0.0000,Read final invoice through approved adapter; validate before proposing writes,NO,NO
701,701008575,701006806,09/11/2026,absent_by_both_numbers,3,0.8,89.9900,Read final invoice through approved adapter; validate before proposing writes,NO,NO
701,701008577,701006804,09/11/2026,absent_by_both_numbers,5,1.6,125.0000,Read final invoice through approved adapter; validate before proposing writes,NO,NO
701,701008578,701006817,09/11/2026,absent_by_both_numbers,5,0.7,0.0000,Read final invoice through approved adapter; validate before proposing writes,NO,NO
701,701008581,701006820,09/11/2026,absent_by_both_numbers,6,3.3,334.8100,Read final invoice through approved adapter; validate before proposing writes,NO,NO
701,701008584,701006810,09/11/2026,absent_by_both_numbers,6,2,250.0000,Read final invoice through approved adapter; validate before proposing writes,NO,NO
701,701008589,701006813,09/11/2026,absent_by_both_numbers,3,0.5,0.0000,Read final invoice through approved adapter; validate before proposing writes,NO,NO
701,701008590,701006824,09/11/2026,absent_by_both_numbers,3,0.5,0.0000,Read final invoice through approved adapter; validate before proposing writes,NO,NO
701,701008591,701006823,09/11/2026,absent_by_both_numbers,3,0.4,0.0000,Read final invoice through approved adapter; validate before proposing writes,NO,NO
701,701008593,701006811,09/11/2026,absent_by_both_numbers,3,0.5,0.0000,Read final invoice through approved adapter; validate before proposing writes,NO,NO
701,701008594,701006815,09/11/2026,absent_by_both_numbers,4,0.8,0.0000,Read final invoice through approved adapter; validate before proposing writes,NO,NO
701,701008597,701006814,09/11/2026,absent_by_both_numbers,3,0.5,55.9000,Read final invoice through approved adapter; validate before proposing writes,NO,NO
701,701008599,701006816,09/11/2026,absent_by_both_numbers,3,0.4,24.7000,Read final invoice through approved adapter; validate before proposing writes,NO,NO
701,701008603,701006826,09/11/2026,absent_by_both_numbers,3,1,140.0000,Read final invoice through approved adapter; validate before proposing writes,NO,NO
701,701008573,701006833,09/12/2026,absent_by_both_numbers,4,0.6,24.7000,Read final invoice through approved adapter; validate before proposing writes,NO,NO
701,701008585,701006827,09/12/2026,absent_by_both_numbers,2,0,0.0000,Read final invoice through approved adapter; validate before proposing writes,NO,NO
701,701008602,701006837,09/12/2026,absent_by_both_numbers,3,0.5,75.0000,Read final invoice through approved adapter; validate before proposing writes,NO,NO
701,701008604,701006828,09/12/2026,absent_by_both_numbers,4,0.7,0.0000,Read final invoice through approved adapter; validate before proposing writes,NO,NO
701,701008605,701006829,09/12/2026,absent_by_both_numbers,3,0.5,0.0000,Read final invoice through approved adapter; validate before proposing writes,NO,NO
701,701008606,701006840,09/12/2026,absent_by_both_numbers,5,2.1,244.5100,Read final invoice through approved adapter; validate before proposing writes,NO,NO
701,701008607,701006830,09/12/2026,absent_by_both_numbers,3,0.4,0.0000,Read final invoice through approved adapter; validate before proposing writes,NO,NO
701,701008608,701006835,09/12/2026,absent_by_both_numbers,4,1.7,209.8100,Read final invoice through approved adapter; validate before proposing writes,NO,NO
701,701008610,701006834,09/12/2026,absent_by_both_numbers,3,0.5,-50.0000,Read final invoice through approved adapter; validate before proposing writes,NO,NO
701,701008611,701006831,09/12/2026,absent_by_both_numbers,3,0.8,119.9900,Read final invoice through approved adapter; validate before proposing writes,NO,NO
701,701008612,701006832,09/12/2026,absent_by_both_numbers,3,0.5,-4.7500,Read final invoice through approved adapter; validate before proposing writes,NO,NO
701,701008614,701006836,09/12/2026,absent_by_both_numbers,4,0.7,0.0000,Read final invoice through approved adapter; validate before proposing writes,NO,NO
701,701008616,701006838,09/12/2026,absent_by_both_numbers,4,0.7,-15.0000,Read final invoice through approved adapter; validate before proposing writes,NO,NO
701,701008617,701006839,09/12/2026,absent_by_both_numbers,3,0.4,0.0000,Read final invoice through approved adapter; validate before proposing writes,NO,NO
701,701008619,701006842,09/12/2026,absent_by_both_numbers,3,0,0.0000,Read final invoice through approved adapter; validate before proposing writes,NO,NO
701,701008621,701006841,09/12/2026,absent_by_both_numbers,3,0.8,119.9900,Read final invoice through approved adapter; validate before proposing writes,NO,NO
701,701008596,701006847,09/14/2026,absent_by_both_numbers,3,0,0.0000,Read final invoice through approved adapter; validate before proposing writes,NO,NO
701,701008623,701006844,09/14/2026,absent_by_both_numbers,2,0,0.0000,Read final invoice through approved adapter; validate before proposing writes,NO,NO
701,701008624,701006843,09/14/2026,absent_by_both_numbers,3,0.29,0.0000,Read final invoice through approved adapter; validate before proposing writes,NO,NO
701,701008625,701006852,09/14/2026,absent_by_both_numbers,3,0.5,75.0000,Read final invoice through approved adapter; validate before proposing writes,NO,NO
701,701008626,701006854,09/14/2026,absent_by_both_numbers,6,1.2,12.0000,Read final invoice through approved adapter; validate before proposing writes,NO,NO
701,701008627,701006845,09/14/2026,absent_by_both_numbers,4,0.5,24.7000,Read final invoice through approved adapter; validate before proposing writes,NO,NO
701,701008628,701006846,09/14/2026,absent_by_both_numbers,5,0.9,12.0000,Read final invoice through approved adapter; validate before proposing writes,NO,NO
701,701008630,701006848,09/14/2026,absent_by_both_numbers,8,7.5,1054.8000,Read final invoice through approved adapter; validate before proposing writes,NO,NO
701,701008631,701006849,09/14/2026,absent_by_both_numbers,3,0.5,0.0000,Read final invoice through approved adapter; validate before proposing writes,NO,NO
701,701008632,701006855,09/14/2026,absent_by_both_numbers,3,0.8,119.9900,Read final invoice through approved adapter; validate before proposing writes,NO,NO
701,701008633,701006850,09/14/2026,absent_by_both_numbers,2,0.2,20.0000,Read final invoice through approved adapter; validate before proposing writes,NO,NO
701,701008635,701006853,09/14/2026,absent_by_both_numbers,3,1,125.0000,Read final invoice through approved adapter; validate before proposing writes,NO,NO
701,701008636,701006851,09/14/2026,absent_by_both_numbers,5,0.6,9.7000,Read final invoice through approved adapter; validate before proposing writes,NO,NO
701,701008637,701006856,09/14/2026,absent_by_both_numbers,6,1.8,159.7900,Read final invoice through approved adapter; validate before proposing writes,NO,NO
701,701008638,701006857,09/14/2026,absent_by_both_numbers,6,1.8,159.9900,Read final invoice through approved adapter; validate before proposing writes,NO,NO
701,701008641,701006858,09/14/2026,absent_by_both_numbers,6,0.7,-15.0000,Read final invoice through approved adapter; validate before proposing writes,NO,NO
701,701008643,701006859,09/14/2026,absent_by_both_numbers,3,0.5,75.0000,Read final invoice through approved adapter; validate before proposing writes,NO,NO
701,701008644,701006864,09/14/2026,absent_by_both_numbers,5,1.7,189.7000,Read final invoice through approved adapter; validate before proposing writes,NO,NO
701,701008646,701006863,09/14/2026,absent_by_both_numbers,8,3.5,369.6000,Read final invoice through approved adapter; validate before proposing writes,NO,NO
701,701008647,701006865,09/14/2026,absent_by_both_numbers,4,0.25,27.9500,Read final invoice through approved adapter; validate before proposing writes,NO,NO
701,701008648,701006860,09/14/2026,absent_by_both_numbers,3,0.8,119.9900,Read final invoice through approved adapter; validate before proposing writes,NO,NO
701,701008649,701006862,09/14/2026,absent_by_both_numbers,5,0.7,-15.0000,Read final invoice through approved adapter; validate before proposing writes,NO,NO
701,701008650,701006861,09/14/2026,absent_by_both_numbers,3,0.25,27.9500,Read final invoice through approved adapter; validate before proposing writes,NO,NO
701,701008933,701007152,09/28/2026,nonterminal,1,0,0.0000,Read final invoice through approved adapter; validate before proposing writes,NO,NO
701,701008949,701007140,09/28/2026,nonterminal,2,2.8,369.9900,Read final invoice through approved adapter; validate before proposing writes,NO,NO
701,701008990,701007147,09/28/2026,absent_by_both_numbers,1,0,0.0000,Read final invoice through approved adapter; validate before proposing writes,NO,NO
701,701008991,701007158,09/28/2026,absent_by_both_numbers,3,0.3,0.0000,Read final invoice through approved adapter; validate before proposing writes,NO,NO
701,701008982,701007161,09/29/2026,nonterminal,3,0.2,0.0000,Read final invoice through approved adapter; validate before proposing writes,NO,NO
701,701009013,701007162,09/29/2026,absent_by_both_numbers,3,0.3,0.0000,Read final invoice through approved adapter; validate before proposing writes,NO,NO
701,701009038,701007176,09/29/2026,absent_by_both_numbers,3,0,0.0000,Read final invoice through approved adapter; validate before proposing writes,NO,NO
701,701009042,701007191,09/29/2026,absent_by_both_numbers,2,0.25,50.0000,Read final invoice through approved adapter; validate before proposing writes,NO,NO
701,701009048,701007186,09/29/2026,absent_by_both_numbers,1,2.36,0.0000,Read final invoice through approved adapter; validate before proposing writes,NO,NO
701,701009049,701007189,09/29/2026,absent_by_both_numbers,1,0.25,39.9500,Read final invoice through approved adapter; validate before proposing writes,NO,NO
701,701009032,701007201,09/30/2026,absent_by_both_numbers,2,0,0.0000,Read final invoice through approved adapter; validate before proposing writes,NO,NO
701,701009056,701007193,09/30/2026,absent_by_both_numbers,3,0.2,15.0000,Read final invoice through approved adapter; validate before proposing writes,NO,NO
701,701009064,701007202,09/30/2026,absent_by_both_numbers,3,0.2,15.0000,Read final invoice through approved adapter; validate before proposing writes,NO,NO
701,701009081,701007207,09/30/2026,absent_by_both_numbers,3,0.2,10.0000,Read final invoice through approved adapter; validate before proposing writes,NO,NO
701,701009083,701007219,09/30/2026,absent_by_both_numbers,3,0.29,0.0000,Read final invoice through approved adapter; validate before proposing writes,NO,NO
