"shop_id","location","work_order","invoice","source_workflow","source_invoice_time","current_evidence","proposed_scope","conditions"
"227","701","701008320","701006621","Invoice","2026-09-01T08:56:32.713-04:00","Status: closed; business date: 2026-09-01","LEAVE_UNCHANGED","Full source validation and fresh conflict check required; no writes authorized"
"227","701","701008329","701006622","Invoice","2026-09-01T12:22:38.773-04:00","Absent by both numbers","CONDITIONAL_IMPORT","Full source validation and fresh conflict check required; no writes authorized"
"227","701","701008322","701006623","Invoice","2026-09-01T12:45:10.343-04:00","Status: draft; business date: unknown","CONDITIONAL_REFRESH","Full source validation and fresh conflict check required; no writes authorized"
"227","701","701008318","701006624","Invoice","2026-09-01T13:07:22.403-04:00","Status: scheduled; business date: unknown","CONDITIONAL_REFRESH","Full source validation and fresh conflict check required; no writes authorized"
"227","701","701008313","701006625","Invoice","2026-09-01T13:09:56.85-04:00","Status: scheduled; business date: unknown","CONDITIONAL_REFRESH","Full source validation and fresh conflict check required; no writes authorized"
"227","701","701008330","701006626","Invoice","2026-09-01T14:07:13.32-04:00","Absent by both numbers","CONDITIONAL_IMPORT","Full source validation and fresh conflict check required; no writes authorized"
"227","701","701008336","701006627","Invoice","2026-09-01T14:22:40.793-04:00","Absent by both numbers","CONDITIONAL_IMPORT","Full source validation and fresh conflict check required; no writes authorized"
"227","701","701008319","701006628","Invoice","2026-09-01T14:24:39.447-04:00","Status: draft; business date: unknown","CONDITIONAL_REFRESH","Full source validation and fresh conflict check required; no writes authorized"
"227","701","701008296","701006629","Invoice","2026-09-01T14:26:01.323-04:00","Status: draft; business date: unknown","CONDITIONAL_REFRESH","Full source validation and fresh conflict check required; no writes authorized"
"227","701","701008265","701006630","Invoice","2026-09-01T14:35:05.793-04:00","Status: scheduled; business date: unknown","CONDITIONAL_REFRESH","Full source validation and fresh conflict check required; no writes authorized"
"227","701","701008325","701006631","Invoice","2026-09-01T14:40:56.713-04:00","Status: draft; business date: unknown","CONDITIONAL_REFRESH","Full source validation and fresh conflict check required; no writes authorized"
"227","701","701008334","701006632","Invoice","2026-09-01T14:57:20.837-04:00","Absent by both numbers","CONDITIONAL_IMPORT","Full source validation and fresh conflict check required; no writes authorized"
"227","701","701008327","701006633","Invoice","2026-09-01T15:05:36.737-04:00","Status: scheduled; business date: unknown","CONDITIONAL_REFRESH","Full source validation and fresh conflict check required; no writes authorized"
"227","701","701008328","701006634","Invoice","2026-09-01T15:19:06.413-04:00","Status: scheduled; business date: unknown","CONDITIONAL_REFRESH","Full source validation and fresh conflict check required; no writes authorized"
"227","701","701008306","701006635","Invoice","2026-09-01T16:07:24.133-04:00","Status: inspection_in_progress; business date: unknown","CONDITIONAL_REFRESH","Full source validation and fresh conflict check required; no writes authorized"
"227","701","701008338","701006636","Invoice","2026-09-01T16:10:21.81-04:00","Absent by both numbers","CONDITIONAL_IMPORT","Full source validation and fresh conflict check required; no writes authorized"
"227","701","701008335","701006637","Invoice","2026-09-01T17:08:53.447-04:00","Absent by both numbers","CONDITIONAL_IMPORT","Full source validation and fresh conflict check required; no writes authorized"
"227","701","701008323","701006638","Invoice","2026-09-01T17:19:31.4-04:00","Status: draft; business date: unknown","CONDITIONAL_REFRESH","Full source validation and fresh conflict check required; no writes authorized"
"227","701","701008337","701006639","Invoice","2026-09-01T17:54:09.93-04:00","Absent by both numbers","CONDITIONAL_IMPORT","Full source validation and fresh conflict check required; no writes authorized"
"227","701","701008340","701006640","Invoice","2026-09-01T18:04:43.717-04:00","Absent by both numbers","CONDITIONAL_IMPORT","Full source validation and fresh conflict check required; no writes authorized"
"227","701","701008298","701006641","Invoice","2026-09-01T18:23:46.537-04:00","Status: inspection_in_progress; business date: unknown","CONDITIONAL_REFRESH","Full source validation and fresh conflict check required; no writes authorized"
"227","701","701008342","701006642","Invoice","2026-09-01T18:31:17.477-04:00","Absent by both numbers","CONDITIONAL_IMPORT","Full source validation and fresh conflict check required; no writes authorized"
